<?xml version="1.0" encoding="UTF-8"?>
<ModMetaData>
  <name>Simple Romance</name>
  <author>yuudong123</author>
  <supportedVersions>
    <li>1.5</li>
  </supportedVersions>
  <description>
    Beauty, Opinions Only
  </description>
  <modDependencies>
    <li>
      <packageId>brrainz.harmony</packageId>
      <displayName>Harmony</displayName>
      <steamWorkshopUrl>steam://url/CommunityFilePage/2009463077</steamWorkshopUrl>
      <downloadUrl>https://github.com/pardeike/HarmonyRimWorld/releases/latest</downloadUrl>
    </li>
    <li>
      <packageId>ludeon.rimworld.ideology</packageId>
      <displayName>Ideology</displayName>
    </li>
  </modDependencies>
</ModMetaData>